SiteKey,Year,Month,DataStatus,AverageSolarGeneration,MaxSolarGeneration,MinSolarGeneration
1,2020,January,True,10.157125000000187,21.77799999999116,0.1010000000242144
2,2020,January,True,8.536874695863766,18.552999999985328,0.1000000000058207
3,2020,January,True,6.309834421365018,13.322000000014668,0.1030000000027939
4,2020,January,False,,,
5,2020,January,False,,,
6,2020,January,False,,,
7,2020,January,True,7.103032599118926,16.031200000026733,0.125
8,2020,January,False,,,
9,2020,January,True,1.109012811867819,2.00800000000163,0.1010000000023865
10,2020,January,True,4.159586848635064,7.747999999992317,0.1000000000058207
11,2020,January,False,,,
12,2020,January,True,8.463341019561335,17.593700000026733,0.125
13,2020,January,True,4.598804339250497,8.843800000002375,0.1093000000109896
14,2020,January,False,,,
15,2020,January,False,,,
16,2020,January,False,,,
17,2020,January,False,,,
18,2020,January,False,,,
19,2020,January,False,,,
20,2020,January,False,,,
21,2020,January,False,,,
22,2020,January,False,,,
23,2020,January,False,,,
24,2020,January,False,,,
25,2020,January,False,,,
26,2020,January,False,,,
27,2020,January,True,40.30685493140242,99.07030999999552,0.1015600000100676
28,2020,January,False,,,
29,2020,January,False,,,
30,2020,January,False,,,
31,2020,January,False,,,
32,2020,January,False,,,
33,2020,January,False,,,
34,2020,January,False,,,
35,2020,January,False,,,
36,2020,January,False,,,
37,2020,January,False,,,
38,2020,January,False,,,
39,2020,January,False,,,
40,2020,January,False,,,
41,2020,January,True,8.583093569321582,17.9375,0.125
42,2020,January,True,3.0014596649484653,6.281200000012177,0.1015000000043073
1,2020,February,True,10.55432790224046,21.752000000036787,0.1009999999660067
2,2020,February,True,8.875341329677857,18.519000000000236,0.1059999999997671
3,2020,February,True,6.653442424242342,13.397999999986494,0.1030000000027939
4,2020,February,False,,,
5,2020,February,False,,,
6,2020,February,False,,,
7,2020,February,True,6.9695064102566,16.031200000026733,0.125
8,2020,February,False,,,
9,2020,February,True,1.04305683563749,2.011000000005879,0.102999999995518
10,2020,February,True,4.07438105263155,7.742999999987661,0.1019999999844003
11,2020,February,False,,,
12,2020,February,True,8.292720715249807,17.593700000026733,0.125
13,2020,February,True,4.549826607989192,8.859400000015741,0.1093999999866355
14,2020,February,False,,,
15,2020,February,False,,,
16,2020,February,False,,,
17,2020,February,False,,,
18,2020,February,False,,,
19,2020,February,False,,,
20,2020,February,False,,,
21,2020,February,False,,,
22,2020,February,False,,,
23,2020,February,False,,,
24,2020,February,False,,,
25,2020,February,False,,,
26,2020,February,False,,,
27,2020,February,True,37.676225069252055,99.15629999997329,0.1093000000109896
28,2020,February,False,,,
29,2020,February,False,,,
30,2020,February,False,,,
31,2020,February,False,,,
32,2020,February,False,,,
33,2020,February,False,,,
34,2020,February,False,,,
35,2020,February,False,,,
36,2020,February,False,,,
37,2020,February,False,,,
38,2020,February,False,,,
39,2020,February,False,,,
40,2020,February,False,,,
41,2020,February,True,7.785833891493637,17.8125,0.125
42,2020,February,True,3.019802387843658,6.273499999995693,0.1015999999945052
1,2020,March,True,10.398153793103711,21.70300000003772,0.1009999999660067
2,2020,March,True,9.028551202749092,18.562000000005355,0.1000000000058207
3,2020,March,True,6.622004895104898,13.397999999986494,0.1030000000027939
4,2020,March,False,,,
5,2020,March,False,,,
6,2020,March,False,,,
7,2020,March,True,7.185264739884335,16.031200000026733,0.125
8,2020,March,False,,,
9,2020,March,True,1.0238370967742263,2.010999999998603,0.1000000000058207
10,2020,March,True,4.130944881889779,7.75,0.1030000000027939
11,2020,March,False,,,
12,2020,March,True,8.508758066759258,17.5625,0.125
13,2020,March,True,4.733815519662856,8.859400000015741,0.1093999999866355
14,2020,March,False,,,
15,2020,March,False,,,
16,2020,March,False,,,
17,2020,March,False,,,
18,2020,March,False,,,
19,2020,March,False,,,
20,2020,March,False,,,
21,2020,March,False,,,
22,2020,March,False,,,
23,2020,March,False,,,
24,2020,March,False,,,
25,2020,March,False,,,
26,2020,March,False,,,
27,2020,March,True,36.23733875338763,99.21879999997329,0.1093000000109896
28,2020,March,False,,,
29,2020,March,False,,,
30,2020,March,False,,,
31,2020,March,False,,,
32,2020,March,False,,,
33,2020,March,False,,,
34,2020,March,True,1.6543968193245786,4.0487671000000205,0.1017151000000069
35,2020,March,True,2.3152646207883225,5.945114099999984,0.1054679999999734
36,2020,March,False,,,
37,2020,March,False,,,
38,2020,March,False,,,
39,2020,March,False,,,
40,2020,March,False,,,
41,2020,March,True,9.122130585683164,18.5,0.125
42,2020,March,True,3.0717019679300432,6.273400000005496,0.1015000000043073
1,2020,April,True,7.936124127230538,21.44900000002235,0.1009999999660067
2,2020,April,True,7.017828124999937,18.19100000002072,0.1000000000058207
3,2020,April,True,4.991413492063339,13.233000000007449,0.1030000000027939
4,2020,April,False,,,
5,2020,April,False,,,
6,2020,April,False,,,
7,2020,April,True,5.368321690589941,15.656200000026727,0.125
8,2020,April,False,,,
9,2020,April,True,0.7515113748763657,1.89100000000326,0.1000000000058207
10,2020,April,True,3.0919392712549767,7.44399999998859,0.1030000000027939
11,2020,April,False,,,
12,2020,April,True,5.972493065405852,17.25,0.125
13,2020,April,True,4.22160930979134,12.968799999973273,0.1093000000109896
14,2020,April,False,,,
15,2020,April,False,,,
16,2020,April,False,,,
17,2020,April,False,,,
18,2020,April,False,,,
19,2020,April,False,,,
20,2020,April,False,,,
21,2020,April,False,,,
22,2020,April,False,,,
23,2020,April,False,,,
24,2020,April,False,,,
25,2020,April,False,,,
26,2020,April,False,,,
27,2020,April,True,27.57273625866054,97.0,0.1093999999866355
28,2020,April,False,,,
29,2020,April,False,,,
30,2020,April,False,,,
31,2020,April,False,,,
32,2020,April,False,,,
33,2020,April,False,,,
34,2020,April,True,1.491913103225806,4.051879999999983,0.1003420000001824
35,2020,April,True,1.9507941046511623,5.737305000000106,0.1005860000000211
36,2020,April,False,,,
37,2020,April,False,,,
38,2020,April,False,,,
39,2020,April,False,,,
40,2020,April,False,,,
41,2020,April,True,7.055205620609045,16.968700000026733,0.125
42,2020,April,True,2.384466694560665,6.25,0.1015000000043073
1,2020,May,True,7.251766129032306,17.04500000004191,0.1000000000349246
2,2020,May,True,5.9359087204563865,14.699000000022352,0.1099999999860301
3,2020,May,True,4.528540315876904,13.298999999999069,0.1049999999813735
4,2020,May,False,,,
5,2020,May,False,,,
6,2020,May,False,,,
7,2020,May,True,4.967470509607486,15.281299999973273,0.125
8,2020,May,False,,,
9,2020,May,True,0.6765422396856593,1.620999999999185,0.1009999999951105
10,2020,May,True,2.8662281594571635,6.941000000020722,0.1020000000135041
11,2020,May,False,,,
12,2020,May,True,5.358157048092913,14.4375,0.125
13,2020,May,True,4.7983155315614745,12.781200000026727,0.1093999999866355
14,2020,May,False,,,
15,2020,May,False,,,
16,2020,May,False,,,
17,2020,May,False,,,
18,2020,May,False,,,
19,2020,May,False,,,
20,2020,May,False,,,
21,2020,May,False,,,
22,2020,May,False,,,
23,2020,May,False,,,
24,2020,May,False,,,
25,2020,May,False,,,
26,2020,May,False,,,
27,2020,May,True,18.70391348221664,52.09370000002672,0.125
28,2020,May,False,,,
29,2020,May,False,,,
30,2020,May,False,,,
31,2020,May,False,,,
32,2020,May,False,,,
33,2020,May,False,,,
34,2020,May,True,1.3639252001853577,3.669190000000072,0.1010739999996985
35,2020,May,True,1.67928444732143,4.750489000000017,0.100097999999889
36,2020,May,False,,,
37,2020,May,False,,,
38,2020,May,False,,,
39,2020,May,False,,,
40,2020,May,False,,,
41,2020,May,True,7.2154911883588895,17.0,0.125
42,2020,May,True,1.9523361183638,5.4530999999988135,0.1015000000043073
1,2020,June,True,5.5326663685151605,16.831000000005588,0.1030000000027939
2,2020,June,True,4.180363584990914,13.222999999998136,0.1000000000058207
3,2020,June,True,3.223984288354921,11.994000000006055,0.1019999999552965
4,2020,June,False,,,
5,2020,June,False,,,
6,2020,June,False,,,
7,2020,June,True,4.291118210526428,12.718700000026727,0.1249500000267289
8,2020,June,False,,,
9,2020,June,True,0.5971133234341571,1.4879999999975553,0.1030000000027939
10,2020,June,True,2.531221606648168,6.730999999999767,0.1020000000135041
11,2020,June,False,,,
12,2020,June,True,4.021492299578228,9.6875,0.125
13,2020,June,True,4.816634761388431,10.859300000010991,0.1093999999866355
14,2020,June,True,3.0796439585963475,8.761627200000019,0.1004640000001018
15,2020,June,True,4.244924876929683,12.40332045312516,0.1049800000000686
16,2020,June,False,,,
17,2020,June,True,2.201529713992771,7.055054015625046,0.100036599999953
18,2020,June,False,,,
19,2020,June,True,11.49509963449272,24.1673583984375,0.3212890625
20,2020,June,True,3.676474432475109,11.075469899999971,0.1043700000000171
21,2020,June,True,1.5835841043646164,4.404968199999985,0.101776099999995
22,2020,June,True,3.109667303807407,8.877746599999966,0.1055297999999993
23,2020,June,False,,,
24,2020,June,True,4.7574893151386215,13.798583984375,0.1019290000001547
25,2020,June,True,7.070722439827017,53.65521238359372,0.1044883741503923
26,2020,June,True,1.8108172690711544,5.057861300000012,0.1021728515625
27,2020,June,True,19.26367206632643,66.46875,0.125
28,2020,June,False,,,
29,2020,June,False,,,
30,2020,June,False,,,
31,2020,June,True,3.9756304054433977,12.196533374999944,0.1003419999997277
32,2020,June,True,1.587715967625832,4.893005399999994,0.1008910999999557
33,2020,June,True,4.4438152310150505,13.971130300000029,0.1008299999998598
34,2020,June,True,1.20438656553461,3.3203119999998307,0.1005859999995664
35,2020,June,True,1.4189340819687486,4.28564499999993,0.100097999999889
36,2020,June,True,2.096678971428112,5.848602300000009,0.1019134499999978
37,2020,June,True,2.17729624643647,6.562988085937604,0.1004028000000403
38,2020,June,True,2.232300541166698,7.0775146484375,0.1004791999999952
39,2020,June,False,,,
40,2020,June,True,3.289206700189532,10.80944820000002,0.1010737500000686
41,2020,June,True,6.185856660823863,16.249950000026733,0.125
42,2020,June,True,1.7173636688930995,4.5,0.1015999999945052
1,2020,July,True,6.513187799043062,16.6875,0.125
2,2020,July,True,5.06281887755102,13.625,0.109375
3,2020,July,True,4.052425564681725,12.5,0.125
4,2020,July,False,,,
5,2020,July,False,,,
6,2020,July,False,,,
7,2020,July,True,5.399255952380952,12.15625,0.1875
8,2020,July,False,,,
9,2020,July,True,0.6769121305790109,1.54296875,0.1015625
10,2020,July,True,2.7840852442671986,6.625,0.109375
11,2020,July,False,,,
12,2020,July,True,3.9414140159045727,10.6875,0.125
13,2020,July,True,4.892392448856799,11.921875,0.109375
14,2020,July,True,3.1325438627395714,9.80615234375,0.107177734375
15,2020,July,True,3.988387740086741,12.6845703125,0.1005859375
16,2020,July,False,,,
17,2020,July,True,2.2039025731833584,7.24755859375,0.1005859375
18,2020,July,True,8.477923705438862,26.537353515625,0.11669921875
19,2020,July,True,9.899555553089488,31.699462890625,0.10107421875
20,2020,July,True,3.9176922923247592,12.087890625,0.105712890625
21,2020,July,True,1.6430773000553942,5.006591796875,0.1025390625
22,2020,July,True,3.105789483762255,9.7685546875,0.1103515625
23,2020,July,False,,,
24,2020,July,True,4.692815297954989,14.91650390625,0.103271484375
25,2020,July,True,19.35088019823506,62.52197265625,0.1171875
26,2020,July,True,1.8161684389467592,5.390625,0.1009521484375
27,2020,July,True,23.142394822006477,73.5625,0.125
28,2020,July,True,0.7668558221499798,1.5089950561523438,0.1070003509521484
29,2020,July,True,0.8974838453915811,2.037994384765625,0.102996826171875
30,2020,July,False,,,
31,2020,July,True,3.9242732401693456,12.97412109375,0.1005859375
32,2020,July,True,1.6227887238629426,5.359619140625,0.1007080078125
33,2020,July,True,4.43013345606702,14.919921875,0.10107421875
34,2020,July,True,1.1370783787147671,3.376953125,0.10009765625
35,2020,July,True,1.4170848451154807,4.275390625,0.10107421875
36,2020,July,True,2.183984522964016,6.78125,0.102783203125
37,2020,July,True,2.205086216517857,7.257080078125,0.1044921875
38,2020,July,True,2.524154249714738,7.869384765625,0.103271484375
39,2020,July,False,,,
40,2020,July,True,3.325757584481869,11.28125,0.1015625
41,2020,July,True,6.793264678030303,15.46875,0.125
42,2020,July,True,1.942375469924812,4.8046875,0.1015625
1,2020,August,True,7.279754901960784,20.5625,0.125
2,2020,August,True,6.279989121835443,17.375,0.125
3,2020,August,True,4.619145316253002,13.375,0.125
4,2020,August,False,,,
5,2020,August,False,,,
6,2020,August,False,,,
7,2020,August,True,5.722993827160494,15.53125,0.125
8,2020,August,False,,,
9,2020,August,True,0.7496565130963517,1.8203125,0.1015625
10,2020,August,True,3.0227559571890144,7.265625,0.109375
11,2020,August,False,,,
12,2020,August,True,4.52262239165329,13.25,0.125
13,2020,August,True,5.215176687763713,13.015625,0.109375
14,2020,August,True,4.410690798930543,12.7158203125,0.10986328125
15,2020,August,True,5.6119977931993645,16.2236328125,0.107421875
16,2020,August,False,,,
17,2020,August,True,2.994441657110092,8.728515625,0.10498046875
18,2020,August,True,11.418199031113538,32.572265625,0.11328125
19,2020,August,True,13.128232057675628,38.603515625,0.111328125
20,2020,August,True,5.27550680078468,15.4619140625,0.10986328125
21,2020,August,True,2.4501871820074004,7.3642578125,0.1025390625
22,2020,August,True,4.258292961799377,12.3232421875,0.1005859375
23,2020,August,True,3.9208402259677055,11.0941162109375,0.109161376953125
24,2020,August,True,6.087577779314159,17.0791015625,0.1005859375
25,2020,August,True,25.75466180098684,76.828125,0.10546875
26,2020,August,True,2.4766155071086717,7.01708984375,0.1005859375
27,2020,August,True,31.11549159854677,93.34375,0.125
28,2020,August,True,0.7768784624577229,2.29901123046875,0.10101318359375
29,2020,August,True,0.9030182461778656,2.9010009765625,0.10003662109375
30,2020,August,True,3.0555104731318345,7.853721618652344,0.11029052734375
31,2020,August,True,4.814769895273297,14.509765625,0.1015625
32,2020,August,True,2.1449691744360035,6.66748046875,0.10107421875
33,2020,August,True,5.870689149458922,17.7685546875,0.107421875
34,2020,August,True,1.5115136902660076,3.93701171875,0.107421875
35,2020,August,True,1.942615671210721,5.4755859375,0.1005859375
36,2020,August,True,3.118955988183244,9.19287109375,0.10498046875
37,2020,August,True,3.023255784123249,8.74267578125,0.1005859375
38,2020,August,True,3.586872332736784,10.5859375,0.1015625
39,2020,August,True,1.903200277964274,5.893226623535156,0.10296630859375
40,2020,August,True,4.73437055299408,15.001953125,0.1015625
41,2020,August,True,7.493965011727912,18.0625,0.125
42,2020,August,True,2.165903413821815,6.0625,0.1015625
1,2020,September,True,8.639941164327002,21.75,0.125
2,2020,September,True,7.476361180382377,18.53125,0.125
3,2020,September,True,5.455779797125951,13.25,0.125
4,2020,September,False,,,
5,2020,September,False,,,
6,2020,September,False,,,
7,2020,September,True,5.410222457627119,15.96875,0.125
8,2020,September,False,,,
9,2020,September,True,0.8568264779202279,1.953125,0.1015625
10,2020,September,True,3.45034282700422,7.71875,0.109375
11,2020,September,False,,,
12,2020,September,True,5.36901150627615,13.46875,0.125
13,2020,September,True,5.555815735694823,13.015625,0.109375
14,2020,September,True,5.427538556071737,13.361328125,0.1181640625
15,2020,September,True,6.975353137324715,18.087890625,0.1015625
16,2020,September,False,,,
17,2020,September,True,3.682231074950959,9.5439453125,0.1005859375
18,2020,September,True,14.252101089015152,35.1796875,0.1015625
19,2020,September,True,16.461447083511548,41.48046875,0.11328125
20,2020,September,True,6.533005497195173,15.771484375,0.115234375
21,2020,September,True,3.16349737165672,8.0185546875,0.10009765625
22,2020,September,True,5.5590073628114265,14.783203125,0.1015625
23,2020,September,True,4.631096104591284,11.859375,0.10107421875
24,2020,September,True,7.401956874454624,17.763671875,0.1015625
25,2020,September,True,31.273803401898736,79.8125,0.11328125
26,2020,September,True,3.1441519203950365,7.634765625,0.1025390625
27,2020,September,True,37.91434506353861,98.46875,0.15625
28,2020,September,True,1.135963921337237,3.136962890625,0.10009765625
29,2020,September,True,1.1181223105851,3.044921875,0.1009521484375
30,2020,September,True,3.2928365434919087,8.388916015625,0.10009765625
31,2020,September,True,6.232145684196035,16.212890625,0.1015625
32,2020,September,True,2.6563005118534484,7.29296875,0.1005859375
33,2020,September,True,7.206181699504738,18.744140625,0.1015625
34,2020,September,True,1.8097749170860016,4.056640625,0.1083984375
35,2020,September,True,2.416402730855856,6.0302734375,0.1005859375
36,2020,September,True,4.010356949841287,10.1240234375,0.1005859375
37,2020,September,True,3.86605786859676,9.90625,0.1015625
38,2020,September,True,4.537907082975065,11.3603515625,0.103515625
39,2020,September,True,2.6832655164930554,6.5291748046875,0.101318359375
40,2020,September,True,5.852765523976293,16.568359375,0.103515625
41,2020,September,True,8.174850577081616,18.53125,0.125
42,2020,September,True,2.65770030647986,6.25,0.109375
1,2020,October,True,8.853285498489425,21.71875,0.125
2,2020,October,True,7.529189033742331,18.53125,0.125
3,2020,October,True,5.550814379336932,13.40625,0.125
4,2020,October,False,,,
5,2020,October,False,,,
6,2020,October,False,,,
7,2020,October,True,6.015303497942387,15.78125,0.125
8,2020,October,False,,,
9,2020,October,True,0.9495264340753424,2.01171875,0.1015625
10,2020,October,True,3.584457173240526,7.75,0.109375
11,2020,October,False,,,
12,2020,October,True,5.523801691729323,13.84375,0.125
13,2020,October,True,5.528927014119601,13.015625,0.109375
14,2020,October,True,5.200012737771739,13.55859375,0.1015625
15,2020,October,True,6.961870937945156,18.51171875,0.10546875
16,2020,October,False,,,
17,2020,October,True,3.3695010820794056,9.5205078125,0.1025390625
18,2020,October,True,12.891494926364942,35.29296875,0.10546875
19,2020,October,True,15.163653195323487,42.14453125,0.1015625
20,2020,October,True,5.904607979910714,15.796875,0.11328125
21,2020,October,True,3.033201671781994,8.0185546875,0.1025390625
22,2020,October,True,5.367397771405347,14.921875,0.103515625
23,2020,October,True,4.305685636045656,12.0419921875,0.103515625
24,2020,October,True,6.4537096756101935,17.779296875,0.1015625
25,2020,October,True,28.862645477967305,80.25,0.1171875
26,2020,October,True,3.030450668166789,7.67578125,0.1015625
27,2020,October,True,35.83034458509142,99.03125,0.125
28,2020,October,True,1.2301758580237814,3.46484375,0.10009765625
29,2020,October,True,1.1730714455629003,3.31103515625,0.10107421875
30,2020,October,True,2.914501879030728,8.40185546875,0.10009765625
31,2020,October,True,5.644325063268258,16.19921875,0.1015625
32,2020,October,True,2.502637008531157,7.3505859375,0.1005859375
33,2020,October,True,6.53914524744339,18.837890625,0.1015625
34,2020,October,True,1.598436408868715,4.05859375,0.1005859375
35,2020,October,True,2.192144181663424,6.03125,0.1015625
36,2020,October,True,3.7184169363233166,10.1357421875,0.1025390625
37,2020,October,True,3.6614050493656185,10.0546875,0.1025390625
38,2020,October,True,4.146636852078794,11.38671875,0.103515625
39,2020,October,True,2.435507314328582,6.5390625,0.10009765625
40,2020,October,True,5.73099448054941,16.61328125,0.103515625
41,2020,October,True,7.493937969924812,18.78125,0.125
42,2020,October,True,2.615386566558441,6.28125,0.109375
1,2020,November,True,10.740531561461792,21.75,0.125
2,2020,November,True,9.070639338731445,18.5625,0.125
3,2020,November,True,6.970987955729167,13.40625,0.125
4,2020,November,False,,,
5,2020,November,False,,,
6,2020,November,False,,,
7,2020,November,True,7.2830155367231635,16.03125,0.125
8,2020,November,False,,,
9,2020,November,True,1.0906772398572502,2.01171875,0.1015625
10,2020,November,True,4.172473136333109,7.75,0.109375
11,2020,November,False,,,
12,2020,November,True,6.605731225296442,13.84375,0.125
13,2020,November,True,6.089557577838828,13.015625,0.109375
14,2020,November,True,5.760468804404596,13.5625,0.1015625
15,2020,November,True,7.926118228088336,18.58984375,0.1015625
16,2020,November,False,,,
17,2020,November,True,3.806246646995709,9.544921875,0.103515625
18,2020,November,True,14.282359853760443,35.296875,0.1015625
19,2020,November,True,17.0578685731539,42.21875,0.109375
20,2020,November,True,6.527460437411095,15.8203125,0.10546875
21,2020,November,True,3.2800231298755573,8.0146484375,0.1015625
22,2020,November,True,6.042756880836925,14.9609375,0.1015625
23,2020,November,True,4.918674506870567,12.044921875,0.103515625
24,2020,November,True,7.151656666082691,17.77734375,0.10546875
25,2020,November,True,32.44863830321285,80.1875,0.125
26,2020,November,True,3.3094745992999264,7.67578125,0.1015625
27,2020,November,True,39.8783013748191,99.1875,0.125
28,2020,November,True,1.438049776701546,3.46435546875,0.1005859375
29,2020,November,True,1.3845553612524224,3.3095703125,0.10009765625
30,2020,November,True,3.2247664101758797,8.40234375,0.1005859375
31,2020,November,True,6.136324027534965,16.21875,0.1015625
32,2020,November,True,2.786658763191412,7.359375,0.1025390625
33,2020,November,True,7.011754385964912,18.84375,0.10546875
34,2020,November,True,1.7618033958667736,4.05859375,0.1044921875
35,2020,November,True,2.502310316843453,6.03125,0.1015625
36,2020,November,True,4.081221075215672,10.1484375,0.1015625
37,2020,November,True,4.100009980482612,10.0546875,0.1015625
38,2020,November,True,4.591901022644266,11.384765625,0.1015625
39,2020,November,True,2.825478245148506,6.54296875,0.1005859375
40,2020,November,True,6.400756227758008,16.61328125,0.1015625
41,2020,November,True,9.602357420609202,18.8125,0.125
42,2020,November,True,3.058467741935484,6.28125,0.109375
1,2020,December,True,10.659585915977962,21.75,0.125
2,2020,December,True,8.887762829650748,18.5625,0.125
3,2020,December,True,6.754364406779661,13.40625,0.125
4,2020,December,True,1.078494061836518,1.99609375,0.1015625
5,2020,December,True,1.1104934038662486,2.0,0.1015625
6,2020,December,False,,,
7,2020,December,True,7.327032930107527,15.96875,0.125
8,2020,December,False,,,
9,2020,December,True,1.0851985677083331,2.01171875,0.1015625
10,2020,December,True,4.155227803738318,7.75,0.109375
11,2020,December,False,,,
12,2020,December,True,6.832720588235294,13.84375,0.125
13,2020,December,True,5.75327243958573,13.015625,0.109375
14,2020,December,True,5.6894738753320055,13.5625,0.1015625
15,2020,December,True,7.855575024883875,18.60546875,0.10546875
16,2020,December,True,1.5057697012672506,3.31005859375,0.10107421875
17,2020,December,True,3.8247515403443617,9.54296875,0.1015625
18,2020,December,True,14.177401293961513,35.28125,0.1015625
19,2020,December,True,16.932196812913908,42.21875,0.1015625
20,2020,December,True,6.556624831536388,15.8203125,0.1015625
21,2020,December,True,3.226024742313068,8.017578125,0.1015625
22,2020,December,True,5.88256333590535,14.96484375,0.1015625
23,2020,December,True,4.868949142156863,12.04296875,0.103515625
24,2020,December,True,7.152598618508655,17.77734375,0.1015625
25,2020,December,True,32.090267625081225,80.15625,0.109375
26,2020,December,True,3.2782101220909734,7.669921875,0.1015625
27,2020,December,True,39.60877732240437,99.1875,0.125
28,2020,December,True,1.4084603726735865,3.4619140625,0.1005859375
29,2020,December,True,1.357492244944853,3.30859375,0.10009765625
30,2020,December,True,3.2254846149744028,8.3984375,0.1015625
31,2020,December,True,6.122108224564927,16.21875,0.1015625
32,2020,December,True,2.7469898897058824,7.345703125,0.103515625
33,2020,December,True,6.954498886180229,18.80078125,0.1015625
34,2020,December,True,1.774792846055515,4.056640625,0.1015625
35,2020,December,True,2.577022728235095,6.03125,0.1015625
36,2020,December,True,3.982416487068965,10.14453125,0.1015625
37,2020,December,True,4.095983465216656,10.048828125,0.1015625
38,2020,December,True,4.551907633804045,11.3828125,0.1015625
39,2020,December,True,2.785852927529351,6.5400390625,0.103515625
40,2020,December,True,6.368992017663044,16.60546875,0.1015625
41,2020,December,True,9.656453450520834,18.8125,0.125
42,2020,December,True,2.886285368577811,6.28125,0.109375
1,2021,January,True,10.447768409653465,21.75,0.125
2,2021,January,True,8.73312584688347,18.5625,0.125
3,2021,January,True,6.050646551724138,13.40625,0.125
4,2021,January,True,1.0210373077610873,1.99609375,0.1015625
5,2021,January,True,1.052214558197303,2.0,0.1015625
6,2021,January,False,,,
7,2021,January,True,5.891523900169204,16.0,0.125
8,2021,January,False,,,
9,2021,January,True,1.078898852876912,2.01171875,0.1015625
10,2021,January,True,4.145095038659794,7.75,0.109375
11,2021,January,False,,,
12,2021,January,True,6.465680632289748,13.84375,0.125
13,2021,January,True,5.22407183212268,13.0,0.125
14,2021,January,True,5.565267363438338,13.5625,0.1015625
15,2021,January,True,7.8899171213624335,18.5859375,0.1015625
16,2021,January,True,1.408715123843485,3.310546875,0.1005859375
17,2021,January,True,3.777233845338983,9.546875,0.1015625
18,2021,January,True,14.194535367259553,35.296875,0.1015625
19,2021,January,True,17.009616961942257,42.15625,0.109375
20,2021,January,True,6.500742056856187,15.8203125,0.1015625
21,2021,January,True,3.2568864023219275,8.013671875,0.103515625
22,2021,January,True,5.919664014895058,14.94921875,0.1015625
23,2021,January,True,4.72762479638203,12.0546875,0.1015625
24,2021,January,True,7.086321381142098,17.77734375,0.1015625
25,2021,January,True,31.813398105813192,80.21875,0.125
26,2021,January,True,3.312745527787642,7.67578125,0.1015625
27,2021,January,True,36.767424798239176,99.0625,0.125
28,2021,January,True,1.3941884448746311,3.46484375,0.1005859375
29,2021,January,True,1.3570576832706769,3.310546875,0.1025390625
30,2021,January,True,3.1549506636779183,8.400390625,0.1015625
31,2021,January,True,6.01684619238477,16.21875,0.1015625
32,2021,January,True,2.762448474188536,7.357421875,0.103515625
33,2021,January,True,6.991849409121172,18.8515625,0.109375
34,2021,January,True,1.7327682783018867,4.048828125,0.1015625
35,2021,January,True,2.502083150840925,6.03125,0.1015625
36,2021,January,True,4.08927420048143,10.1484375,0.1015625
37,2021,January,True,4.028942488062756,10.0546875,0.1015625
38,2021,January,True,4.48768153526971,11.390625,0.1015625
39,2021,January,True,2.748112257389601,6.54296875,0.1015625
40,2021,January,True,6.195102062289562,16.60546875,0.1015625
41,2021,January,True,9.455508474576272,18.75,0.125
42,2021,January,True,2.8974351025132274,6.28125,0.109375
1,2021,February,True,10.830182468021068,21.71875,0.125
2,2021,February,True,9.278885135135136,18.5625,0.125
3,2021,February,True,6.362638999205719,13.40625,0.125
4,2021,February,True,1.038515214535902,1.99609375,0.1015625
5,2021,February,True,1.0589627112218372,2.0,0.1015625
6,2021,February,True,13.83332517557599,28.7109375,0.10546875
7,2021,February,True,7.185794733502538,16.03125,0.125
8,2021,February,True,12.34286888433258,26.962890625,0.1015625
9,2021,February,True,1.0998411016949152,2.01171875,0.1015625
10,2021,February,True,4.199763878180416,7.75,0.109375
11,2021,February,True,43.90711304616653,92.75,0.109375
12,2021,February,True,6.494155534351145,13.75,0.125
13,2021,February,True,6.22824402125775,13.0,0.125
14,2021,February,True,5.836748061830015,13.55859375,0.1015625
15,2021,February,True,8.125527151250948,18.609375,0.1015625
16,2021,February,True,1.484593797307526,3.3076171875,0.1005859375
17,2021,February,True,3.854197376179245,9.546875,0.1015625
18,2021,February,True,14.71952945126631,35.234375,0.109375
19,2021,February,True,17.58978739559605,42.1875,0.109375
20,2021,February,True,6.698189503518374,15.8125,0.1015625
21,2021,February,True,3.4262660573122528,8.015625,0.103515625
22,2021,February,True,6.20769684849653,14.953125,0.1015625
23,2021,February,True,4.955512490279938,12.04296875,0.1015625
24,2021,February,True,7.380819887247278,17.78125,0.1015625
25,2021,February,True,32.70640696347032,80.25,0.125
26,2021,February,True,3.4299636368149327,7.67578125,0.1015625
27,2021,February,True,41.47811320754717,99.1875,0.125
28,2021,February,True,1.4475009893280228,3.4599609375,0.1005859375
29,2021,February,True,1.37268797426169,3.3115234375,0.1025390625
30,2021,February,True,3.335401714513557,8.40234375,0.1015625
31,2021,February,True,6.274653453307393,16.2109375,0.109375
32,2021,February,True,2.854693428015176,7.35546875,0.1015625
33,2021,February,True,7.211264281564678,18.828125,0.1015625
34,2021,February,True,1.788821083690987,4.05859375,0.103515625
35,2021,February,True,2.553475324939074,6.03125,0.1015625
36,2021,February,True,4.26964189122738,10.14453125,0.1015625
37,2021,February,True,4.177123255699685,10.0546875,0.1015625
38,2021,February,True,4.744149896162975,11.375,0.1015625
39,2021,February,True,2.8534085181451614,6.541015625,0.1015625
40,2021,February,True,6.472297822706065,16.609375,0.1015625
41,2021,February,True,9.601515436746988,18.75,0.125
42,2021,February,True,3.046537302576891,6.28125,0.109375
1,2021,March,True,9.042751884852638,21.75,0.125
2,2021,March,True,7.994595058339053,18.4375,0.125
3,2021,March,True,5.429975596529284,13.375,0.125
4,2021,March,True,0.8553049594541139,1.90234375,0.1015625
5,2021,March,True,0.8736550032523851,2.0,0.1015625
6,2021,March,True,11.546836832462938,27.53515625,0.10546875
7,2021,March,True,6.420577944015444,16.0,0.125
8,2021,March,True,11.023755419385305,26.95703125,0.1015625
9,2021,March,True,0.9537604995579132,2.0078125,0.1015625
10,2021,March,True,3.797464210893855,7.6875,0.109375
11,2021,March,True,39.41420378432686,92.75,0.109375
12,2021,March,True,5.767797577247191,13.4375,0.125
13,2021,March,True,6.050446760982874,13.0,0.125
14,2021,March,True,5.044060243682311,13.4609375,0.1015625
15,2021,March,True,6.684895833333333,18.3671875,0.1015625
16,2021,March,True,1.3304317216741253,3.2978515625,0.1015625
17,2021,March,True,3.3254437869822486,9.53125,0.1015625
18,2021,March,True,12.829808387563268,35.296875,0.109375
19,2021,March,True,14.905260079193663,41.265625,0.109375
20,2021,March,True,5.907538777372263,15.8046875,0.1015625
21,2021,March,True,2.8901107890800297,7.9609375,0.1015625
22,2021,March,True,5.226745918928834,14.625,0.1015625
23,2021,March,True,4.22849707815924,12.05078125,0.1015625
24,2021,March,True,6.461879797149122,17.7265625,0.1015625
25,2021,March,True,28.48836531563845,80.21875,0.125
26,2021,March,True,2.917063501304024,7.58984375,0.1015625
27,2021,March,True,33.45445920303605,98.4375,0.125
28,2021,March,True,1.1823205102848102,3.4404296875,0.1015625
29,2021,March,True,1.0367626327852153,3.103515625,0.1005859375
30,2021,March,True,2.936306097274436,8.40234375,0.1015625
31,2021,March,True,5.5016878161127165,16.2109375,0.1015625
32,2021,March,True,2.4625888047919764,7.34375,0.1015625
33,2021,March,True,6.374108602834302,18.828125,0.109375
34,2021,March,True,1.6154202418096724,4.05859375,0.1015625
35,2021,March,True,2.011353417266187,5.59765625,0.1015625
36,2021,March,True,3.662671747779423,9.9453125,0.1015625
37,2021,March,True,3.62255143420088,9.99609375,0.1015625
38,2021,March,True,4.141527980980249,11.3046875,0.1015625
39,2021,March,True,2.474274004822239,6.533203125,0.10546875
40,2021,March,True,5.43157132512672,16.0390625,0.109375
41,2021,March,True,8.713328210382514,18.375,0.125
42,2021,March,True,2.7627169497784343,6.28125,0.109375
1,2021,April,True,8.952946864820847,19.3125,0.125
2,2021,April,True,8.022708674304418,17.03125,0.125
3,2021,April,True,5.60245253164557,13.375,0.125
4,2021,April,True,0.8068648726851851,1.703125,0.1015625
5,2021,April,True,0.8503869657494145,1.796875,0.1015625
6,2021,April,True,9.576551866493194,23.72265625,0.109375
7,2021,April,True,5.874048379174853,15.5,0.125
8,2021,April,True,9.933776609160612,24.61328125,0.1015625
9,2021,April,True,0.9370202850877192,1.3515625,0.109375
10,2021,April,True,3.43482105152027,7.625,0.109375
11,2021,April,True,36.252066013460016,87.109375,0.109375
12,2021,April,True,5.034894085570469,12.46875,0.125
13,2021,April,True,5.946428571428571,12.96875,0.125
14,2021,April,True,4.39191353082466,12.046875,0.1015625
15,2021,April,True,5.766184367541766,17.2578125,0.1015625
16,2021,April,True,1.1997140316980286,3.087890625,0.1005859375
17,2021,April,True,2.951239113729508,9.4765625,0.1015625
18,2021,April,True,11.38199440447642,31.9375,0.109375
19,2021,April,True,13.041230562200957,36.4375,0.109375
20,2021,April,True,5.258789850686037,14.5234375,0.1015625
21,2021,April,True,2.47653339714404,6.8046875,0.1015625
22,2021,April,True,4.35009607605178,12.1171875,0.1015625
23,2021,April,True,3.624050344408428,10.63671875,0.1015625
24,2021,April,True,5.96176875,17.0234375,0.1015625
25,2021,April,True,25.551691176470587,74.03125,0.125
26,2021,April,True,2.512015999793217,6.62109375,0.1015625
27,2021,April,True,21.096666666666668,63.25,0.125
28,2021,April,True,0.9180132949561404,2.5439453125,0.1025390625
29,2021,April,True,0.9336162594193262,2.6923828125,0.1015625
30,2021,April,True,2.6393047579983597,8.09375,0.1015625
31,2021,April,True,4.979501668689321,15.046875,0.1015625
32,2021,April,True,2.093407516542597,6.3125,0.1015625
33,2021,April,True,5.557606941081517,17.0859375,0.1015625
34,2021,April,True,1.4479476150605013,3.9765625,0.1015625
35,2021,April,True,1.7620216410427807,5.2734375,0.1015625
36,2021,April,True,3.1668345752230334,8.57421875,0.1015625
37,2021,April,True,3.066665822528363,8.69921875,0.1015625
38,2021,April,True,3.597121844462541,10.03125,0.1015625
39,2021,April,True,2.197767763981636,6.123046875,0.1015625
40,2021,April,True,4.673314478490259,13.9296875,0.1015625
41,2021,April,True,7.80179586038961,16.0625,0.125
42,2021,April,True,2.629947691975841,6.0,0.109375
1,2021,May,True,6.530392367066895,16.875,0.125
2,2021,May,True,5.1807208994709,13.9375,0.125
3,2021,May,True,3.990871710526316,12.90625,0.125
4,2021,May,True,0.6096080889917695,1.3984375,0.1015625
5,2021,May,True,0.6439771719858156,1.40625,0.1015625
6,2021,May,True,7.014591670176917,17.6875,0.1015625
7,2021,May,True,4.806629834254144,13.0,0.125
8,2021,May,True,7.866997682225064,21.171875,0.1015625
9,2021,May,True,0.6763642723880597,1.4453125,0.1015625
10,2021,May,True,2.76882798573975,6.828125,0.109375
11,2021,May,True,28.602200123660342,73.28125,0.125
12,2021,May,True,3.719995571302037,10.15625,0.125
13,2021,May,True,4.507965021691974,12.25,0.125
14,2021,May,True,3.377594688353048,9.71875,0.1015625
15,2021,May,True,4.553714364035088,13.3046875,0.1015625
16,2021,May,True,0.9377701991580312,2.673828125,0.1015625
17,2021,May,True,2.4445053317535543,7.57421875,0.1015625
18,2021,May,True,8.871316056910569,27.125,0.109375
19,2021,May,True,10.213231981981982,30.640625,0.109375
20,2021,May,True,4.189296803127875,12.578125,0.1015625
21,2021,May,True,1.852710734870317,5.61328125,0.1015625
22,2021,May,True,3.37704906163114,9.6796875,0.1015625
23,2021,May,True,2.858291871645796,9.05078125,0.1015625
24,2021,May,True,5.025189308318264,14.71875,0.1015625
25,2021,May,True,20.810642191659277,62.875,0.125
26,2021,May,True,2.006057840693257,5.578125,0.1015625
27,2021,May,True,23.049256168359943,65.9375,0.125
28,2021,May,True,0.6694982700328614,1.8779296875,0.1015625
29,2021,May,True,0.7373453776041666,2.2001953125,0.1015625
30,2021,May,True,2.2701107486263736,6.97265625,0.1015625
31,2021,May,True,4.163782970183486,12.9765625,0.1015625
32,2021,May,True,1.7307807988450432,5.109375,0.1015625
33,2021,May,True,4.645988913143382,14.6953125,0.1015625
34,2021,May,True,1.2440891768292683,3.466796875,0.1015625
35,2021,May,True,1.5929423167293233,4.65625,0.1015625
36,2021,May,True,2.337014833489681,6.86328125,0.1015625
37,2021,May,True,2.475061190801457,7.23046875,0.1015625
38,2021,May,True,2.741911593866171,8.296875,0.1015625
39,2021,May,True,1.805538438967136,5.34375,0.1015625
40,2021,May,True,3.594241443108233,11.8203125,0.1015625
41,2021,May,True,5.5474703640982215,15.25,0.125
42,2021,May,True,1.9391010978957,4.890625,0.109375
1,2021,June,True,4.698268003646308,15.34375,0.125
2,2021,June,True,3.5138221153846154,10.90625,0.125
3,2021,June,True,2.7645912098298675,10.0625,0.125
4,2021,June,True,0.4762799008168028,1.20703125,0.1015625
5,2021,June,True,0.4950631840437788,1.40234375,0.1015625
6,2021,June,True,5.036936988171065,20.6328125,0.1015625
7,2021,June,True,3.383891213389121,12.78125,0.125
8,2021,June,True,5.423004518072289,22.3671875,0.1015625
9,2021,June,True,0.4913768583131068,1.41015625,0.1015625
10,2021,June,True,1.9535818713450293,6.078125,0.109375
11,2021,June,True,19.96442135835568,82.71875,0.125
12,2021,June,True,2.6682091346153847,9.90625,0.125
13,2021,June,True,3.115506329113924,9.96875,0.125
14,2021,June,True,2.7236830357142856,9.3046875,0.1015625
15,2021,June,True,3.745130813953488,11.2890625,0.1015625
16,2021,June,True,0.6437556802293065,1.986328125,0.1015625
17,2021,June,True,1.9416004203216373,7.0703125,0.1015625
18,2021,June,True,7.033257681564246,25.671875,0.109375
19,2021,June,True,8.19902687673772,28.84375,0.109375
20,2021,June,True,3.273333531368821,11.4765625,0.1015625
21,2021,June,True,1.4445025731646826,4.8359375,0.10546875
22,2021,June,True,2.803189110209924,9.28125,0.1015625
23,2021,June,True,2.3151789990421454,8.6796875,0.1015625
24,2021,June,True,4.155457746478874,14.671875,0.1015625
25,2021,June,True,16.623225846613547,63.3125,0.125
26,2021,June,True,1.612865199704142,5.37109375,0.1015625
27,2021,June,True,19.826825221238938,67.1875,0.125
28,2021,June,True,0.5606530459499461,1.69921875,0.1005859375
29,2021,June,True,0.6143048757530121,1.8603515625,0.1025390625
30,2021,June,True,1.8731119791666664,6.24609375,0.1015625
31,2021,June,True,3.471956457345972,12.9140625,0.1015625
32,2021,June,True,1.421112332755203,5.1796875,0.1015625
33,2021,June,True,3.8738354952830183,14.7578125,0.1015625
34,2021,June,True,0.9901857494813278,2.90625,0.1015625
35,2021,June,True,1.2456933103015075,3.76953125,0.1015625
36,2021,June,True,1.862217987804878,6.203125,0.10546875
37,2021,June,True,1.994170906007752,7.015625,0.1015625
38,2021,June,True,2.049914854206501,7.75,0.1015625
39,2021,June,True,1.4356295677923387,4.828125,0.1015625
40,2021,June,True,2.8923852468839883,10.4921875,0.1015625
41,2021,June,True,4.547706117021277,12.75,0.125
42,2021,June,True,1.3092113389328064,4.0625,0.109375
1,2021,July,True,4.768600531443756,20.25,0.125
2,2021,July,True,3.475680693069307,12.59375,0.125
3,2021,July,True,2.9042107077205883,10.84375,0.125
4,2021,July,True,0.4677315686558517,1.40625,0.1015625
5,2021,July,True,0.4711931316254417,1.40625,0.1015625
6,2021,July,True,5.103249052185548,17.890625,0.1015625
7,2021,July,True,3.039097068584071,11.25,0.125
8,2021,July,True,5.184070635098744,19.34375,0.1015625
9,2021,July,True,0.4951950455580866,1.36328125,0.1015625
10,2021,July,True,1.9547828638497653,6.46875,0.109375
11,2021,July,True,18.64132882882883,69.375,0.125
12,2021,July,True,2.633120789220404,9.65625,0.125
13,2021,July,True,3.1862693389592125,11.5625,0.125
14,2021,July,True,4.265066964285714,9.015625,0.1015625
15,2021,July,True,4.025578009686347,13.203125,0.1015625
16,2021,July,True,0.7189876011439732,2.5390625,0.1015625
17,2021,July,True,2.1318043154761903,7.015625,0.1015625
18,2021,July,True,7.755102920883164,25.71875,0.109375
19,2021,July,True,8.986211547291093,28.5,0.109375
20,2021,July,True,3.626843808302239,12.25,0.1015625
21,2021,July,True,1.6054725535540408,5.18359375,0.10546875
22,2021,July,True,3.008984008903468,9.5390625,0.1015625
23,2021,July,True,2.469729323751178,8.9765625,0.1015625
24,2021,July,True,4.417320725208526,14.09375,0.1015625
25,2021,July,True,18.279491833030853,61.25,0.125
26,2021,July,True,1.731115405437921,5.2890625,0.1015625
27,2021,July,True,20.930738786279683,65.875,0.125
28,2021,July,True,0.6013798907520326,1.62109375,0.1015625
29,2021,July,True,0.6739295990869342,1.990234375,0.103515625
30,2021,July,True,1.9729046242774568,6.65234375,0.1015625
31,2021,July,True,3.7456564832089554,12.28125,0.1015625
32,2021,July,True,1.531471036585366,5.125,0.1015625
33,2021,July,True,4.140020114272388,14.2109375,0.1015625
34,2021,July,True,1.0390962087563451,3.333984375,0.1015625
35,2021,July,True,1.3469250307881773,4.32421875,0.1015625
36,2021,July,True,2.0637946215377267,6.29296875,0.1015625
37,2021,July,True,2.1462117165242165,6.7421875,0.1015625
38,2021,July,True,2.318600070555033,7.96875,0.1015625
39,2021,July,True,1.5481385601577908,4.984375,0.1015625
40,2021,July,True,3.23093867481203,11.125,0.109375
41,2021,July,True,6.83172607421875,19.125,0.125
42,2021,July,True,1.2755130597014923,4.453125,0.109375
1,2021,August,True,7.365491365131579,18.875,0.125
2,2021,August,True,6.477996489468405,16.6875,0.125
3,2021,August,True,4.624369747899159,12.09375,0.125
4,2021,August,True,0.6751455269607843,1.6015625,0.1015625
5,2021,August,True,0.6994697845666992,1.6015625,0.1015625
6,2021,August,True,8.58190401058632,26.765625,0.1015625
7,2021,August,True,5.000621448863637,14.9375,0.125
8,2021,August,True,8.50643457752256,25.09375,0.109375
9,2021,August,True,0.7506510416666666,1.83984375,0.1015625
10,2021,August,True,3.077488327674024,7.34375,0.109375
11,2021,August,True,30.58274119295436,87.03125,0.125
12,2021,August,True,4.487674197635135,12.6875,0.125
13,2021,August,True,5.121942640692641,12.96875,0.125
14,2021,August,True,4.17072255574614,11.953125,0.1015625
15,2021,August,True,5.436741375638841,15.7421875,0.1015625
16,2021,August,True,1.0699502422718352,3.107421875,0.1015625
17,2021,August,True,2.8664535776997364,8.72265625,0.1015625
18,2021,August,True,10.810536994097808,31.765625,0.109375
19,2021,August,True,12.444733796296296,38.5625,0.125
20,2021,August,True,5.08750940455718,14.796875,0.1015625
21,2021,August,True,2.331435616134752,7.03515625,0.1015625
22,2021,August,True,4.060301677489178,11.8359375,0.1015625
23,2021,August,True,3.4813795336787563,10.7265625,0.1015625
24,2021,August,True,5.8175555378401365,17.15625,0.1015625
25,2021,August,True,24.56447587354409,76.25,0.125
26,2021,August,True,2.333657707966549,6.73046875,0.1015625
27,2021,August,True,28.208973322554566,83.5625,0.125
28,2021,August,True,0.8309774452683616,2.30859375,0.1015625
29,2021,August,True,0.8607423740448902,2.451171875,0.103515625
30,2021,August,True,2.6104150648066784,7.8046875,0.1015625
31,2021,August,True,4.97411941580756,15.078125,0.1015625
32,2021,August,True,2.04258192418214,6.375,0.1015625
33,2021,August,True,5.530988689965695,17.0625,0.1015625
34,2021,August,True,1.4209092084099264,3.76953125,0.1015625
35,2021,August,True,1.8808261526410024,5.41015625,0.1015625
36,2021,August,True,2.9563927283653846,8.9921875,0.1015625
37,2021,August,True,2.9238635749783923,9.0078125,0.1015625
38,2021,August,True,3.4016421092400693,10.21875,0.1015625
39,2021,August,True,2.142466117831541,6.02734375,0.1015625
40,2021,August,True,4.402977287510842,13.875,0.109375
41,2021,August,True,9.02544971381848,21.9375,0.125
42,2021,August,True,2.113922471162378,6.25,0.109375
1,2021,September,True,9.337032281731474,21.75,0.125
2,2021,September,True,8.20442514858841,18.5625,0.125
3,2021,September,True,5.88977879481312,13.40625,0.125
4,2021,September,True,0.8685754227311644,1.99609375,0.1015625
5,2021,September,True,0.8871767470263382,1.9921875,0.1015625
6,2021,September,True,10.902985756026297,26.8828125,0.1015625
7,2021,September,True,6.277685072815534,15.65625,0.125
8,2021,September,True,10.636422691317144,26.6953125,0.1015625
9,2021,September,True,0.9666422872340426,2.01171875,0.1015625
10,2021,September,True,3.786918826219512,7.75,0.109375
11,2021,September,True,37.92966517857143,92.09375,0.125
12,2021,September,True,5.6923204787234045,13.40625,0.125
13,2021,September,True,6.253474941268598,13.0,0.125
14,2021,September,True,5.373021853805576,13.390625,0.1015625
15,2021,September,True,7.181428169542386,17.90625,0.109375
16,2021,September,True,1.4416897152894297,3.310546875,0.1015625
17,2021,September,True,3.600074832375479,9.5390625,0.1015625
18,2021,September,True,13.84764755011136,35.265625,0.109375
19,2021,September,True,16.091795420699924,41.3125,0.125
20,2021,September,True,6.3834831513554215,15.8125,0.1015625
21,2021,September,True,3.0677870639534883,7.89453125,0.10546875
22,2021,September,True,5.519814482628399,14.765625,0.1015625
23,2021,September,True,4.51032888576779,11.8984375,0.1015625
24,2021,September,True,7.162556475903615,17.78125,0.1015625
25,2021,September,True,29.83538151137197,80.125,0.125
26,2021,September,True,3.017764136904762,7.421875,0.1015625
27,2021,September,True,36.36169733044733,94.1875,0.125
28,2021,September,True,1.157502288445891,3.216796875,0.1015625
29,2021,September,True,1.1426969829358553,2.873046875,0.103515625
30,2021,September,True,3.1630418934681184,8.3984375,0.1015625
31,2021,September,True,6.153340964879154,16.125,0.1015625
32,2021,September,True,2.5778229086906586,7.2734375,0.10546875
33,2021,September,True,6.9451301298945785,18.8359375,0.1015625
34,2021,September,True,1.761268266192733,3.99609375,0.1015625
35,2021,September,True,2.358765994094488,6.02734375,0.1015625
36,2021,September,True,3.862791475535168,9.828125,0.1015625
37,2021,September,True,3.762124478771797,9.8671875,0.1015625
38,2021,September,True,4.388484102952309,11.3671875,0.1015625
39,2021,September,True,2.688678268706157,6.52734375,0.1015625
40,2021,September,True,5.778976521164021,15.828125,0.1015625
41,2021,September,True,10.537714712471994,21.9375,0.125
42,2021,September,True,2.7401878362797847,6.28125,0.109375
1,2021,October,True,9.816443758573389,21.75,0.125
2,2021,October,True,8.372147391901168,18.5625,0.125
3,2021,October,True,6.070284776437189,13.40625,0.125
4,2021,October,True,0.9566614622464312,1.99609375,0.1015625
5,2021,October,True,0.9655310667155426,2.0,0.1015625
6,2021,October,True,12.314328349087353,28.734375,0.1015625
7,2021,October,True,7.210079479768786,15.84375,0.125
8,2021,October,True,11.091874585543769,26.9609375,0.1015625
9,2021,October,True,1.0205942146840148,2.01171875,0.1015625
10,2021,October,True,3.895967605156038,7.75,0.109375
11,2021,October,True,39.03652230122818,92.71875,0.125
12,2021,October,True,6.225459866220736,17.5625,0.125
13,2021,October,True,6.269425675675675,13.0,0.125
14,2021,October,True,5.5839619252873565,13.5625,0.1015625
15,2021,October,True,7.8664219798657715,18.59375,0.109375
16,2021,October,True,1.4504478332379862,3.30859375,0.1015625
17,2021,October,True,3.7711295076282942,9.546875,0.1015625
18,2021,October,True,14.235344973009449,35.3125,0.109375
19,2021,October,True,16.875800202156334,42.21875,0.125
20,2021,October,True,6.544711947278912,15.8203125,0.1015625
21,2021,October,True,3.2785023605336105,8.01171875,0.1015625
22,2021,October,True,6.018524375843455,14.921875,0.109375
23,2021,October,True,4.741176848049282,12.0546875,0.1015625
24,2021,October,True,7.143148956194388,17.78125,0.109375
25,2021,October,True,31.747345719973456,80.1875,0.125
26,2021,October,True,3.306592858355978,7.67578125,0.1015625
27,2021,October,True,39.75707320971867,99.125,0.125
28,2021,October,True,1.3716802921826623,3.458984375,0.103515625
29,2021,October,True,1.3315334223388848,3.302734375,0.1015625
30,2021,October,True,3.2672919984076434,8.40234375,0.1015625
31,2021,October,True,6.350895449112022,16.21875,0.1015625
32,2021,October,True,2.72895436056683,7.34765625,0.1015625
33,2021,October,True,7.182429846938776,18.84375,0.109375
34,2021,October,True,1.821667284542917,4.0390625,0.1015625
35,2021,October,True,2.480187168727915,6.015625,0.1015625
36,2021,October,True,4.099253043552812,10.140625,0.1015625
37,2021,October,True,4.038924319727891,10.0546875,0.1015625
38,2021,October,True,4.619729746942935,11.3671875,0.1015625
39,2021,October,True,2.786088674081921,6.54296875,0.10546875
40,2021,October,True,6.33914384719405,16.6171875,0.1015625
41,2021,October,True,10.587437095614666,21.9375,0.125
42,2021,October,True,2.7849038799157304,6.28125,0.109375
1,2021,November,True,8.694842277012327,21.75,0.125
2,2021,November,True,7.183025881057269,18.5625,0.125
3,2021,November,True,5.3251821748878925,13.40625,0.125
4,2021,November,True,0.8482051150369762,1.99609375,0.1015625
5,2021,November,True,0.8718863682295878,2.0,0.1015625
6,2021,November,True,11.962538109756098,28.71875,0.1015625
7,2021,November,True,6.561728395061729,15.8125,0.125
8,2021,November,True,10.495104756011315,26.96875,0.1015625
9,2021,November,True,1.003878567913386,2.01171875,0.1015625
10,2021,November,True,3.750136363636364,7.75,0.109375
11,2021,November,True,37.087114726027394,92.75,0.125
12,2021,November,True,7.151769130757801,17.5625,0.125
13,2021,November,True,5.640947386519945,13.0,0.125
14,2021,November,True,5.329582597173145,13.5625,0.1015625
15,2021,November,True,7.491119123931623,18.59375,0.109375
16,2021,November,True,1.3766085467761076,3.310546875,0.1015625
17,2021,November,True,3.5963541666666665,9.546875,0.1015625
18,2021,November,True,13.555728436185133,35.28125,0.125
19,2021,November,True,16.19556593794076,42.21875,0.125
20,2021,November,True,6.208639055869873,15.796875,0.109375
21,2021,November,True,3.093585824275362,7.98828125,0.1015625
22,2021,November,True,5.692173052987198,14.9609375,0.1015625
23,2021,November,True,4.646892908309456,12.0546875,0.1015625
24,2021,November,True,6.803495209059234,17.78125,0.109375
25,2021,November,True,30.648442677269717,80.25,0.125
26,2021,November,True,3.1592429181654675,7.671875,0.1015625
27,2021,November,True,35.355194805194806,99.0,0.125
28,2021,November,True,1.3564911710931489,3.462890625,0.1015625
29,2021,November,True,1.2922435647425896,3.298828125,0.1015625
30,2021,November,True,3.1035042032163744,8.40234375,0.1015625
31,2021,November,True,5.861454267210788,16.21875,0.1015625
32,2021,November,True,2.66343236770073,7.33984375,0.1015625
33,2021,November,True,6.696930604982207,18.8125,0.109375
34,2021,November,True,1.7297750636826783,4.03125,0.1015625
35,2021,November,True,2.420561882062147,6.03125,0.1015625
36,2021,November,True,3.872161645683453,10.125,0.1015625
37,2021,November,True,3.932799164295875,10.0546875,0.1015625
38,2021,November,True,4.458628412969284,11.390625,0.1015625
39,2021,November,True,2.667626047610556,6.54296875,0.1015625
40,2021,November,True,6.046382705479452,16.6171875,0.1015625
41,2021,November,True,8.757141523525018,21.9375,0.125
42,2021,November,True,2.5681277452415814,6.28125,0.109375
1,2021,December,True,10.888376383763838,21.75,0.125
2,2021,December,True,9.16004780999383,18.5625,0.125
3,2021,December,True,6.611066104990279,13.40625,0.125
4,2021,December,True,1.0370401907356948,1.99609375,0.1015625
5,2021,December,True,1.0878085390260173,2.0,0.1015625
6,2021,December,True,13.432130448515476,28.703125,0.109375
7,2021,December,True,7.289148351648351,15.71875,0.125
8,2021,December,True,12.058505351681957,26.96875,0.109375
9,2021,December,True,1.2216911764705882,2.01171875,0.1015625
10,2021,December,True,4.39734394703657,7.75,0.109375
11,2021,December,True,42.49996209824136,92.75,0.125
12,2021,December,True,7.872541190316072,17.5625,0.125
13,2021,December,True,5.501441708229426,13.0,0.125
14,2021,December,True,5.955132515822785,13.5625,0.1015625
15,2021,December,True,8.33935826959847,18.578125,0.109375
16,2021,December,True,1.547303864292998,3.310546875,0.1015625
17,2021,December,True,4.006349541505792,9.546875,0.1015625
18,2021,December,True,15.223049754299756,35.3125,0.125
19,2021,December,True,18.05056288819876,42.21875,0.125
20,2021,December,True,6.985872072391767,15.8125,0.109375
21,2021,December,True,3.485333088714938,8.015625,0.1015625
22,2021,December,True,6.359814927184466,14.96875,0.1015625
23,2021,December,True,5.166625356916244,12.0546875,0.1015625
24,2021,December,True,7.557547389683033,17.78125,0.109375
25,2021,December,True,33.73363552550707,80.25,0.125
26,2021,December,True,3.570075458280657,7.671875,0.1015625
27,2021,December,True,35.59562398703404,92.0,0.125
28,2021,December,True,1.4931308008344686,3.46484375,0.1015625
29,2021,December,True,1.421909507508834,3.310546875,0.1015625
30,2021,December,True,3.393910256410257,8.3984375,0.1015625
31,2021,December,True,6.490507445141066,16.203125,0.109375
32,2021,December,True,2.8498934429541047,7.35546875,0.1015625
33,2021,December,True,7.46595736312146,18.84375,0.109375
34,2021,December,True,1.989308694287508,4.0546875,0.1015625
35,2021,December,True,2.6401057015389653,6.03125,0.1015625
36,2021,December,True,4.3866564294830885,10.1484375,0.1015625
37,2021,December,True,4.281842157643312,10.0546875,0.1015625
38,2021,December,True,5.16788874246988,11.390625,0.1015625
39,2021,December,True,2.92872820481336,6.54296875,0.1015625
40,2021,December,True,6.660040917843389,16.609375,0.109375
41,2021,December,True,11.140646029609693,21.9375,0.125
42,2021,December,True,3.1027329119850187,6.28125,0.109375
1,2022,January,True,10.182470823095825,21.75,0.125
2,2022,January,True,8.591053693358162,18.53125,0.125
3,2022,January,True,6.297232824427481,13.40625,0.125
4,2022,January,True,0.9773465501792116,1.9921875,0.1015625
5,2022,January,True,0.9748310062056738,2.0,0.1015625
6,2022,January,True,13.564333645443195,28.734375,0.109375
7,2022,January,True,7.888027704485488,15.9375,0.125
8,2022,January,True,12.260023949320148,26.9375,0.109375
9,2022,January,True,1.1907597399458625,2.01171875,0.1015625
10,2022,January,True,4.406308777429467,7.75,0.109375
11,2022,January,True,43.06272536057692,92.75,0.125
12,2022,January,True,8.067364386792454,17.5625,0.125
13,2022,January,True,4.421224832214765,12.96875,0.125
14,2022,January,True,6.018865523182957,13.5625,0.109375
15,2022,January,True,8.605026074097136,18.609375,0.109375
16,2022,January,True,1.5433403918548938,3.30859375,0.1015625
17,2022,January,True,4.044543891585761,9.546875,0.1015625
18,2022,January,True,15.35870150862069,35.3125,0.125
19,2022,January,True,18.374820172634276,42.21875,0.125
20,2022,January,True,7.014554251269035,15.8125,0.109375
21,2022,January,True,3.5432176527958386,8.015625,0.1015625
22,2022,January,True,6.492261156505343,14.96875,0.109375
23,2022,January,True,5.189737081226296,12.0546875,0.1015625
24,2022,January,True,5.9486722275951,17.703125,0.109375
25,2022,January,True,33.855739238927015,80.25,0.125
26,2022,January,True,3.6364309737347855,7.671875,0.1015625
27,2022,January,True,33.61139028475712,88.625,0.125
28,2022,January,True,1.4992102696743554,3.46484375,0.1015625
29,2022,January,True,1.4371861049107142,3.306640625,0.103515625
30,2022,January,True,3.3618582769181176,8.3984375,0.1015625
31,2022,January,True,6.498579545454546,16.21875,0.109375
32,2022,January,True,2.917358558006536,7.3515625,0.1015625
33,2022,January,True,7.55220703125,18.84375,0.109375
34,2022,January,True,1.9627059383095853,4.05859375,0.1015625
35,2022,January,True,2.6554811344121534,6.0234375,0.1015625
36,2022,January,True,4.448308531746032,10.1484375,0.1015625
37,2022,January,True,4.368761024695318,10.0546875,0.1015625
38,2022,January,True,5.12832976117575,11.390625,0.1015625
39,2022,January,True,2.9846242804276315,6.54296875,0.1015625
40,2022,January,True,6.685056746532156,16.609375,0.109375
41,2022,January,True,10.736155315085933,21.9375,0.125
42,2022,January,True,2.854634831460674,6.28125,0.109375
1,2022,February,True,10.961084905660377,21.75,0.125
2,2022,February,True,9.444190014367816,18.5625,0.125
3,2022,February,True,6.583481507823613,13.09375,0.125
4,2022,February,True,1.02187625906527,1.9921875,0.1015625
5,2022,February,True,1.0836189516129031,2.0,0.1015625
6,2022,February,True,14.075900722339677,28.71875,0.109375
7,2022,February,True,7.108952702702703,16.03125,0.125
8,2022,February,True,12.506829690831555,26.96875,0.109375
9,2022,February,True,1.1535483067729084,2.0078125,0.1015625
10,2022,February,True,4.446668198529411,7.75,0.125
11,2022,February,True,43.777124297752806,92.5625,0.125
12,2022,February,True,8.080013471901463,17.5625,0.125
13,2022,February,True,4.704098442492013,12.90625,0.125
14,2022,February,True,6.12569544149318,13.5625,0.109375
15,2022,February,True,8.634936069384835,18.609375,0.109375
16,2022,February,True,1.5816211247028529,3.30859375,0.1015625
17,2022,February,True,4.043861851716581,9.546875,0.1015625
18,2022,February,True,15.711169554455443,35.3125,0.125
19,2022,February,True,18.52830648016997,42.21875,0.125
20,2022,February,True,7.139599855803893,15.8125,0.109375
21,2022,February,True,3.5549038811953357,7.9921875,0.1015625
22,2022,February,True,6.362415793413174,14.90625,0.109375
23,2022,February,True,5.255771498548621,12.0546875,0.1015625
24,2022,February,True,5.075465660310734,11.4375,0.109375
25,2022,February,True,35.02401041666667,80.25,0.125
26,2022,February,True,3.5284359114015977,7.65625,0.1015625
27,2022,February,True,30.655479896238653,79.5,0.125
28,2022,February,True,1.4661237471087123,3.46484375,0.1015625
29,2022,February,True,1.3934064931906616,3.28515625,0.1015625
30,2022,February,True,3.481690735183796,8.3984375,0.1015625
31,2022,February,True,6.584511861313868,16.21875,0.109375
32,2022,February,True,2.954762453874539,7.359375,0.1015625
33,2022,February,True,7.699604031677466,18.84375,0.109375
34,2022,February,True,1.944662434407796,3.9375,0.1015625
35,2022,February,True,2.696492139717125,6.03125,0.1015625
36,2022,February,True,4.468424245147376,10.1328125,0.1015625
37,2022,February,True,4.37728548153512,10.0546875,0.1015625
38,2022,February,True,5.035628127233738,11.375,0.1015625
39,2022,February,True,3.029781108703843,6.54296875,0.1015625
40,2022,February,True,6.636254917739628,16.578125,0.109375
41,2022,February,True,11.1854792147806,21.9375,0.125
42,2022,February,True,3.1465634370314843,6.28125,0.109375
1,2022,March,True,10.073844323589396,21.5625,0.125
2,2022,March,True,8.840903253424658,18.53125,0.125
3,2022,March,True,5.843510786360473,12.90625,0.125
4,2022,March,True,0.9189688715953308,1.90625,0.1015625
5,2022,March,True,0.9498454843592332,2.0,0.1015625
6,2022,March,True,12.726404989919354,28.546875,0.109375
7,2022,March,True,6.600043402777778,15.5625,0.125
8,2022,March,True,11.654438871742112,26.96875,0.109375
9,2022,March,True,1.0452708164915117,2.0078125,0.1015625
10,2022,March,True,4.106303229240596,7.75,0.125
11,2022,March,True,41.72259933774834,92.75,0.125
12,2022,March,True,7.926045454545455,17.5625,0.125
13,2022,March,True,4.166690127627628,8.75,0.125
14,2022,March,True,5.337276630811936,12.984375,0.109375
15,2022,March,True,7.148720010431155,18.4375,0.109375
16,2022,March,True,1.3894943237304689,3.265625,0.1015625
17,2022,March,True,3.5435720640569395,9.40625,0.1015625
18,2022,March,True,13.717394111570249,34.875,0.125
19,2022,March,True,15.969350961538462,42.09375,0.125
20,2022,March,True,6.29500478427279,15.5,0.109375
21,2022,March,True,3.079078427853553,7.671875,0.1015625
22,2022,March,True,5.569485809390329,14.390625,0.109375
23,2022,March,True,4.510929856743536,11.734375,0.1015625
24,2022,March,True,4.46393384940183,10.953125,0.109375
25,2022,March,True,30.51078464673913,78.375,0.125
26,2022,March,True,3.0330361912393164,7.296875,0.1015625
27,2022,March,True,25.70548273657289,72.25,0.125
28,2022,March,True,1.186439479638009,3.373046875,0.1015625
29,2022,March,True,1.1431513409961689,3.015625,0.1015625
30,2022,March,True,3.1116351848528354,8.2421875,0.1015625
31,2022,March,True,5.889025245441795,16.015625,0.109375
32,2022,March,True,2.570301299283154,7.109375,0.1015625
33,2022,March,True,6.656468684394682,18.140625,0.109375
34,2022,March,True,1.6801438510286557,3.859375,0.1015625
35,2022,March,True,2.33352973168963,6.0234375,0.1015625
36,2022,March,True,3.848233309659091,9.796875,0.1015625
37,2022,March,True,3.763209727112676,9.5390625,0.1015625
38,2022,March,True,4.353186231630511,10.8984375,0.1015625
39,2022,March,True,2.6609601449275364,6.359375,0.1015625
40,2022,March,True,5.733370850988701,15.921875,0.109375
41,2022,March,True,11.394393572909468,21.9375,0.125
42,2022,March,True,2.941185141509434,6.078125,0.109375
1,2022,April,True,7.251071068548387,20.5625,0.125
2,2022,April,True,6.482151995905834,17.96875,0.125
3,2022,April,True,4.180606617647059,11.71875,0.125
4,2022,April,True,0.6557816247002398,1.8046875,0.1015625
5,2022,April,True,0.6864981617647059,1.90625,0.1015625
6,2022,April,True,9.491197183098592,26.234375,0.109375
7,2022,April,True,5.038177339901478,14.375,0.125
8,2022,April,True,8.860228997975709,25.609375,0.109375
9,2022,April,True,0.7993667565947242,1.8359375,0.1015625
10,2022,April,True,3.197588065194532,7.46875,0.125
11,2022,April,True,31.566625615763545,86.9375,0.125
12,2022,April,True,6.180641025641026,17.375,0.125
13,2022,April,True,3.466882183908046,8.6875,0.125
14,2022,April,True,4.202146398747391,12.71875,0.109375
15,2022,April,True,5.551052461139896,16.5625,0.109375
16,2022,April,True,1.0357530381944444,3.15234375,0.1015625
17,2022,April,True,2.8668122998932764,8.9296875,0.1015625
18,2022,April,True,10.774373080859776,32.96875,0.125
19,2022,April,True,12.396570512820514,38.15625,0.125
20,2022,April,True,5.005055147058823,15.328125,0.109375
21,2022,April,True,2.371810532030402,7.171875,0.1015625
22,2022,April,True,4.06553000524109,12.96875,0.109375
23,2022,April,True,3.525191828436516,11.1875,0.1015625
24,2022,April,True,5.470884384775808,16.9375,0.109375
25,2022,April,True,24.38499236252546,76.25,0.125
26,2022,April,True,2.315889060818084,6.65625,0.1015625
27,2022,April,True,19.2668791312559,63.875,0.125
28,2022,April,True,0.8957329963235294,2.341796875,0.1015625
29,2022,April,True,0.9006948573127229,2.451171875,0.103515625
30,2022,April,True,2.567986448220065,7.703125,0.1015625
31,2022,April,True,4.774901832460733,15.203125,0.109375
32,2022,April,True,2.0457333696837514,6.7890625,0.1015625
33,2022,April,True,5.27307867954071,17.75,0.109375
34,2022,April,True,1.3839817176870748,3.85546875,0.1015625
35,2022,April,True,1.8944027549342104,5.5703125,0.1015625
36,2022,April,True,2.9820639067524115,8.921875,0.109375
37,2022,April,True,2.944419642857143,8.890625,0.1015625
38,2022,April,True,3.4174343849416755,10.3203125,0.1015625
39,2022,April,True,2.1791879134509373,6.234375,0.1015625
40,2022,April,True,4.419520547945205,13.828125,0.109375
41,2022,April,True,3.7329853579175705,20.6875,0.125
42,2022,April,True,2.131723175381264,6.140625,0.109375
